Perfume Feminino,Lady Million Eau my Gold Paco Rabanne - Perfume Feminino - Eau de Toilette,http://www.epocacosmeticos.com.br/lady-million-eau-my-gold-eau-de-toilette-paco-rabanne-perfume-feminino/p
Perfume Feminino,Good Girl Carolina Herrera - Perfume Feminino - Eau de Parfum,http://www.epocacosmeticos.com.br/good-girl-eau-de-parfum-carolina-herrera-perfume-feminino/p
Perfume Feminino,J'adore Eau de Toillette Dior - Perfume Feminino,http://www.epocacosmeticos.com.br/j-adore-eau-de-toillette-dior-perfume-feminino/p
Perfume Unissex,Eau de Gaga Eau de Parfum Lady Gaga - Perfume Unissex,http://www.epocacosmeticos.com.br/eau-de-gaga-eau-de-parfum-lady-gaga-perfume-unissex/p
Perfume Masculino,Scuderia Ferrari Black Ferrari - Perfume Masculino - Eau de Toilette,http://www.epocacosmeticos.com.br/scuderia-ferrari-black-eau-de-toilette-ferrari-perfume-masculino/p
Perfume Feminino,La Vie Est Belle Lancôme - Perfume Feminino - Eau de Parfum,http://www.epocacosmeticos.com.br/la-vie-est-belle-eau-de-parfum-lancome-perfume-feminino/p
Perfume Unissex,Ck One Eau de Toilette Calvin Klein - Perfume Unissex,http://www.epocacosmeticos.com.br/ck-one-eau-de-toilette-calvin-klein-perfume-unissex/p
Perfume Masculino,Black Caviar Paris Elysees - Perfume Masculino - Eau de Toilette,http://www.epocacosmeticos.com.br/black-caviar-eau-de-toilette-paris-elysees-perfume-masculino/p
Perfume Feminino,Billion Woman Paris Elysees - Perfume Feminino - Eau de Toilette,http://www.epocacosmeticos.com.br/billion-woman-eau-de-toilette-paris-elysees-perfume-feminino/p
Perfume Feminino,212 Sexy Body Spray Carolina Herrera - Perfume Corporal Feminino,http://www.epocacosmeticos.com.br/212-sexy-body-spray-carolina-herrera-perfume-corporal-feminino/p
Perfume Feminino,Miss Vodka Paris Elysees - Perfume Feminino - Eau de Toilette,http://www.epocacosmeticos.com.br/miss-vodka-eau-de-toilette-paris-elysees-perfume-feminino/p
Perfume Feminino,212 NYC Seductive Body Spray Carolina Herrera - Perfume Feminino para o Corpo,http://www.epocacosmeticos.com.br/212-nyc-vintage-body-spray-carolina-herrera-perfume-masculino-para-o-corpo/p
Perfume Masculino,212 Men NYC Seductive Body Spray Carolina Herrera - Perfume Masculino para o Corpo,http://www.epocacosmeticos.com.br/212-nyc-men-vintage-body-spray-carolina-herrera-perfume-masculino-para-o-corpo/p
Perfume Feminino,Blugirl Jus de Fleurs Eau de Toilette Blumarine - Perfume Feminino,http://www.epocacosmeticos.com.br/jus-de-fleurs-eau-de-toilette-blumarine-perfume-feminino/p
Perfume Feminino,Sexy Woman Night Paris Elysees - Perfume Feminino - Eau de Toilette,http://www.epocacosmeticos.com.br/sexy-woman-night-eau-de-toilette-paris-elysees-perfume-feminino/p
Perfume Masculino,1 Million Cologne Paco Rabanne - Perfume Masculino,http://www.epocacosmeticos.com.br/1-million-cologne-paco-rabanne-perfume-masculino/p
Perfume Feminino,La Nuit Trésor L'eau de Parfum Lancôme - Perfume Feminino - Eau de Parfum,http://www.epocacosmeticos.com.br/la-nuit-tresor-l-eau-de-parfum-lancome-perfume-feminino/p
Perfume Feminino,Vodka Love Paris Elysees - Perfume Feminino - Eau de Toilette,http://www.epocacosmeticos.com.br/vodka-love-eau-de-toilette-paris-elysees-perfume-feminino/p
Perfume Masculino,Vodka Brasil Yellow Paris Elysees - Perfume Masculino - Eau de Toilette,http://www.epocacosmeticos.com.br/vodka-brasil-yellow-eau-de-toilette-paris-elysees-perfume-masculino/p
Perfume Feminino,L'eau par Kenzo Mirror Edition pour Femme Kenzo - Perfume Feminino - Eau de Toilette,http://www.epocacosmeticos.com.br/l-eau-par-kenzo-mirror-edition-pour-femme-eau-de-toilette-kenzo-perfume-feminino-/p
Batom,Color Sensational Extreme Matte Maybelline - Batom em Lápis,http://www.epocacosmeticos.com.br/color-sensational-extreme-matte-maybelline-batom-em-lapis/p
BB Cream,M Perfect Cover BB Cream 50ml Missha - Base Facial,http://www.epocacosmeticos.com.br/m-perfect-cover-bb-cream-missha-base-facial/p
Água Micelar,Água Micelar Solução de Limpeza Facial 5 em 1 L'Oréal Paris,http://www.epocacosmeticos.com.br/agua-micelar-solucao-de-limpeza-facial-5-em-1-l-oreal-paris-demaquilante/p
Aperfeiçoador,Revitalift Blur Mágico L'Oréal Paris - Aperfeiçoador da Pele,http://www.epocacosmeticos.com.br/revitalift-blur-magico-l-oreal-paris-aperfeicoador-da-pele/p
Pó Compacto,Fit Me! Maybelline - Pó Compacto para Peles Clara,http://www.epocacosmeticos.com.br/fit-me-maybelline-po-compacto-para-peles-clara/p
Pó Compacto,Pó Compacto Vult - Pó Compacto,http://www.epocacosmeticos.com.br/po-compacto-vult-po-compacto/p
Corretivo,Fit Me! Maybelline - Corretivo Líquido para peles Claras,http://www.epocacosmeticos.com.br/fit-me-maybelline-corretivo-liquido-para-peles-claras/p
Máscara para Cílios,The Falsies Efeito Cílios Postiços Super Filme Maybelline - Máscara para Cílios,http://www.epocacosmeticos.com.br/the-falsies-efeito-cilios-posticos-super-filme-maybelline-mascara-para-cilios/p
Base,Refil - UV Protective Compact Foundation FPS35 Shiseido - Base Facial,http://www.epocacosmeticos.com.br/uv-protective-compact-foundation-fps35-shiseido-base-facial/p
Máscara para Cílios,The Colossal Volum' Express Waterproof Maybelline - Máscara para Cílios,http://www.epocacosmeticos.com.br/the-colossal-volum--express-waterproof-maybelline-mascara-para-cilios/p
Base,Super Stay 24H Maybelline - Base Facial,http://www.epocacosmeticos.com.br/super-stay-24h-maybelline-base-facial/p
BB Cream,BB Cream 5 em 1 SPF20 50ml L'oréal Paris - Base,http://www.epocacosmeticos.com.br/bb-cream-5-em-1-spf20-loreal-paris-base/p
Pó Compacto,Fit Me! Maybelline - Pó Compacto para Peles Médias,http://www.epocacosmeticos.com.br/fit-me-maybelline-po-compacto-para-peles-medias/p
Batom,Make Up Vult - Batom Cremoso,http://www.epocacosmeticos.com.br/make-up-vult-batom-cremoso/p
Lápis para Sobrancelhas,Lápis para Sobrancelhas Vult - Lápis,http://www.epocacosmeticos.com.br/lapis-para-sobrancelhas-vult-lapis/p
Lápis para Sobrancelhas,Perfect Up Vult - Lápis Iluminador para Sobrancelhas,http://www.epocacosmeticos.com.br/perfect-up-vult-lapis-iluminador-para-sobrancelhas/p
Sombra,Quinteto de Sombras Matte Vult - Sombra,http://www.epocacosmeticos.com.br/quinteto-de-sombras-matte-vult-sombra/p
Base,Base Líquida Matte Vult - Base,http://www.epocacosmeticos.com.br/base-liquida-matte-vult-base/p
Batom,Batom Líquido Matte Vult - Batom,http://www.epocacosmeticos.com.br/batom-liquido-matte-vult-batom/p
BB Cream,M Perfect Cover BB Cream 10ml Missha - Base Facial,http://www.epocacosmeticos.com.br/m-perfect-cover-bb-cream-missha-base-facial-10ml/p
Maquiagem para Cabelo,Hair Touch Up L’Oréal Professionnel - Corretivo Instantâneo 75ml,http://www.epocacosmeticos.com.br/hair-touch-up-l-oreal-professionnel-corretivo-instantaneo/p
Cabelos Danificados,Lola Cosmetics Morte Súbita Super Hidratante - Máscara de Reconstrução,http://www.epocacosmeticos.com.br/morte-subita-super-hidratante-lola-cosmetics-mascara-recostrutora/p
Cabelos Danificados,Yenzah Whey Fit Liss Supremo - Shampoo Alisante,http://www.epocacosmeticos.com.br/whey-fit-liss-supremo-yenzah-shampoo-alisante/p
Kits para Cabelos,Morte Súbita Lola Cosmetics - Shampoo + Máscara 2 em 1 Verão,http://www.epocacosmeticos.com.br/morte-subita-lola-cosmetics-shampoo-mascara-2-em-1-verao/p
Cabelos Cacheados ou Crespos,Lola Cosmetics Meu Cacho Minha Vida - Máscara Hidratante,http://www.epocacosmeticos.com.br/meu-cacho-minha-vida-lola-cosmetics-mascara-hidratante/p
Kits para Cabelos,Botox Whey Fit Cream Yenzah - Kit Escova Progressiva,http://www.epocacosmeticos.com.br/botox-whey-fit-cream-yenzah-kit-escova-progressiva/p
Cabelos Cacheados ou Crespos,Meu Cacho Minha Vida Lola Cosmetics - Creme de Pentear,http://www.epocacosmeticos.com.br/meu-cacho-minha-vida-lola-cosmetics-creme-de-pentear/p
Cabelos Rebeldes ou com Frizz,Forever Liss Desmaia Cabelo - Máscara Ultra Hidratante,http://www.epocacosmeticos.com.br/desmaia-cabelo-forever-liss-mascara-ultra-hidratante/p
Cabelos Danificados,L'Oréal Professionnel Absolut Repair Cortex Lipidium - Máscara de Reconstrução,http://www.epocacosmeticos.com.br/absolut-repair-cortex-lipidium-l-oreal-professionnel-mascara-de-recostrucao/p
Cabelos Secos ou Ressecados,Forever Liss Banho de Verniz Brilho Hidratante - Máscara Capilar,http://www.epocacosmeticos.com.br/banho-de-verniz-brilho-hidratante-forever-liss-mascara/p
Alisador Temporário,Vintage Girls Lola Cosmetics - Creme Alisante,http://www.epocacosmeticos.com.br/vintage-girls-lola-cosmetics-creme-alisante/p
Cabelos Secos ou Ressecados,Lola Cosmetics Dream Cream - Máscara Capilar,http://www.epocacosmeticos.com.br/dream-cream-lola-cosmetics-mascara-para-cabelos/p
Cabelos Rebeldes ou com Frizz,Rd Protein Cream Nppe - Tratamento Disciplinador,http://www.epocacosmeticos.com.br/rd-protein-cream-nppe-tratamento-disciplinador/p
Progressiva,Botox Whey Fit Cream Yenzah - Escova Progressiva,http://www.epocacosmeticos.com.br/botox-whey-fit-cream-yenzah-escova-progressiva-/p
Finalizador,Meu Cacho Minha Vida Jelly Gel Lola Cosmetics - Finalizador,http://www.epocacosmeticos.com.br/meu-cacho-minha-vida-jelly-gel-lola-cosmetics-finalizador/p
Cabelos Cacheados ou Crespos,Lola Cosmetics Meu Cacho Minha Vida - Condicionador,http://www.epocacosmeticos.com.br/meu-cacho-minha-vida-lola-cosmetics-condicionador/p
Cabelos Cacheados ou Crespos,Lola Cosmetics Meu Cacho Minha Vida - Shampoo Hidratante,http://www.epocacosmeticos.com.br/meu-cacho-minha-vida-lola-cosmetics-shampoo-hidratante/p
Kits para Cabelos,Kit Shampoo 1L + Condicionador 1L Inoar Bombar,http://www.epocacosmeticos.com.br/bombar-inoar-shampoo-1l-condicionador-1l/p
Cabelos Danificados,L'Oréal Professionnel Absolut Repair Cortex Lipidium - Shampoo Reconstrutor,http://www.epocacosmeticos.com.br/absolut-repair-cortex-lipidium-l-oreal-professionnel-shampoo-reconstrutor/p
Kits para Cabelos,Morte Súbita  - Condicionador + Shampoo + Máscara Reconstrutora,http://www.epocacosmeticos.com.br/morte-subita-lola-cosmetics-condicionador-shampoo-mascara-reconstrutora/p
Cuidados Faciais Específicos,Blemish+ Age Defense SkinCeuticals - Tratamento Antiacne,http://www.epocacosmeticos.com.br/blemish-age-defense-skinceuticals-tratamento-antiacne/p
Protetor Solar,Normalize Matte Fps 50 Ada Tina - Protetor Solar,http://www.epocacosmeticos.com.br/normalize-matte-fps-50-ada-tina-protetor-solar/p
Protetor Solar,Anthelios Airlicium com Cor FPS 70 La Roche-Posay - Protetor Solar,http://www.epocacosmeticos.com.br/anthelios-airlicium-com-cor-fps-70-la-roche-posay-protetor-solar/p
Desodorantes,Antiperspirante Roll-On Perspirex - Tratamento para Transpiração e Odores,http://www.epocacosmeticos.com.br/antiperspirante-roll-on-perspirex-tratamento-para-transpiracao-e-odores/p
Limpadores,Normaderm Vichy - Limpador Facial,http://www.epocacosmeticos.com.br/normaderm-vichy-limpador-facial/p
Protetor Solar,Kit Anthelios Airlicium FPS 30 La Roche-Posay - Protetor Solar,http://www.epocacosmeticos.com.br/kit-anthelios-airlicium-fps-30-la-roche-posay-protetor-solar/p
Protetor Solar,Anthelios XL FPS 70 La Roche Posay - Protetor Solar,http://www.epocacosmeticos.com.br/anthelios-xl-fps-70-la-roche-posay-protetor-solar/p
Água Micelar,Sensibio H2O Solução Micellare Demaquilante Bioderma - Demaquilante,http://www.epocacosmeticos.com.br/sensibio-h2o-solucao-micellare-demaquilante-bioderma-demaquilante/p
Rejuvenescedores,Effaclar Anti-Idade La Roche Posay - Sérum Corretor para Pele Oleosa,http://www.epocacosmeticos.com.br/effaclar-anti-idade-la-roche-posay-serum-corretor-para-pele-oleosa/p
Cuidados Faciais Específicos,Normaderm Skin Corrector Vichy - Cuidado Clareador Antiacne,http://www.epocacosmeticos.com.br/normaderm-skin-corrector-vichy-cuidado-antiacne-clareador/p
Maquiagem Corretiva,Base Líquida Dermablend - Vichy - Base para Rosto FPS 35,http://www.epocacosmeticos.com.br/dermablend-base-liquida-fps-35-vichy-base-para-rosto/p
Protetor Solar,Anthelios Airlicium FPS 70 La Roche Posay - Protetor Solar,http://www.epocacosmeticos.com.br/anthelios-airlicium-fps-70-la-roche-posay-protetor-solar/p
Rejuvenescedores,Idéalia Yeux Eyes Vichy - Rejuvenescedor para o Contorno dos Olhos,http://www.epocacosmeticos.com.br/idealia-yeux-eyes-vichy-rejuvenescedor-para-o-contorno-dos-olhos/p
Protetor Solar,Anthelios Airlicium FPS 30 La Roche-Posay - Protetor Solar,http://www.epocacosmeticos.com.br/anthelios-airlicium-fps-30-la-roche-posay-protetor-solar/p
Água Termal,Eau Thermale Vichy - Água Termal,http://www.epocacosmeticos.com.br/eau-thermale-vichy--agua-termal/p
Limpadores,Effaclar Gel La Roche Posay - Limpador Facial,http://www.epocacosmeticos.com.br/effaclar-gel-la-roche-posay-limpador-facial/p
Água Termal,Eau Thermale Avène - Água Termal,http://www.epocacosmeticos.com.br/eau-thermale-avene-agua-termal/p
Rejuvenescedores,C E Ferulic Skinceuticals - Rejuvenescedor Facial,http://www.epocacosmeticos.com.br/c-e-ferulic-skinceuticals-rejuvenescedor-facial/p
Rejuvenescedores,Serum 10 SkinCeuticals - Rejuvenescedor Facial,http://www.epocacosmeticos.com.br/serum-10-skinceuticals-rejuvenescedor-facial/p
Protetor Solar,Physical Fusion Color Uv Defense SPF 50 Skinceuticals - Protetor Solar,http://www.epocacosmeticos.com.br/physical-fusion-uv-defense-spf-50-skinceuticals-protetor-solar/p
Protetor Solar,Normalize Matte Fps 50 Ada Tina - Protetor Solar,http://www.epocacosmeticos.com.br/normalize-matte-fps-50-ada-tina-protetor-solar/p
Cuidados Faciais Específicos,Idade Expert 55+ L’Oréal Paris - Creme Anti-Idade,http://www.epocacosmeticos.com.br/idade-expert-55-l-oreal-paris-creme-anti-idade/p
Cuidados Faciais Específicos,Idade Expert 35+ L’Oréal Paris - Creme Anti-Idade,http://www.epocacosmeticos.com.br/idade-expert-35-l-oreal-paris-creme-anti-idade/p
Kits para Cabelos,Morte Súbita  - Condicionador + Shampoo + Máscara Reconstrutora,http://www.epocacosmeticos.com.br/morte-subita-lola-cosmetics-condicionador-shampoo-mascara-reconstrutora/p
Autobronzeador,Autobronzeador Spray Bronze Sem Sol Best Bronze - Spray Bronzeador,http://www.epocacosmeticos.com.br/autobronzeador-spray-bronze-sem-sol-best-bronze-spray-bronzeador/p
Rejuvenescedores Faciais,Revitalift Creme Noturno L'Oréal Paris - Rejuvenescedor Facial,http://www.epocacosmeticos.com.br/revitalift-creme-noturno-l-oreal-paris-rejuvenescedor-facial/p
Rejuvenescedores Faciais,Revitalift Laser X3 L'oréal Paris - Rejuvenescedor Facial,http://www.epocacosmeticos.com.br/revitalift-laser-x3-l-oreal-paris-rejuvenescedor-facial2/p
Cuidados Específicos Corporais,Bio-Oil - Tratamento Antiestrias,http://www.epocacosmeticos.com.br/bio-oil-tratamento-antiestrias/p
Protetor Solar,Physical Fusion Color Uv Defense SPF 50 Skinceuticals - Protetor Solar,http://www.epocacosmeticos.com.br/physical-fusion-uv-defense-spf-50-skinceuticals-protetor-solar/p
Limpadores Faciais,Deep Clean Neutrogena - Lenços de Limpeza Facial,http://www.epocacosmeticos.com.br/deep-clean-neutrogena-lencos-de-limpeza-facial-7lencos/p
Cuidados Faciais Específicos,Idade Expert 45+ L’Oréal Paris - Creme Anti-Idade,http://www.epocacosmeticos.com.br/idade-expert-45-l-oreal-paris-creme-anti-idade/p
Rejuvenescedores Faciais,Age Perfect Noturno Dermo Expertise L'oréal Paris - Rejuvenescedor Facial,http://www.epocacosmeticos.com.br/age-perfect-noturno-dermo-expertise-loreal-paris-rejuvenescedor-facial/p
Cuidados Específicos Corporais,Bio-Oil - Kit Tratamento Antiestrias,http://www.epocacosmeticos.com.br/bio-oil-kit1-tratamento-antiestrias-125ml/p
Rejuvenescedores Faciais,Revitalift Creme Diurno FPS18 L'Oréal Paris - Rejuvenescedor Facial,http://www.epocacosmeticos.com.br/revitalift-creme-diurno-fps18-loreal-paris-rejuvenescedor-facial/p
Cuidados Específicos Corporais,Huile Prodigieuse Nuxe Paris - Óleo Corporal,http://www.epocacosmeticos.com.br/huile-prodigieuse-nuxe-paris-oleo-corporal/p
Rejuvenescedores Faciais,Revitalift Laser X3 Noturno L'oréal Paris - Rejuvenescedor Facial,http://www.epocacosmeticos.com.br/revitalift-laser-x3-noturno-l-oreal-paris-rejuvenescedor-facial/p
Protetor Solar,Sun Fresh FPS30 Neutrogena - Protetor Solar,http://www.epocacosmeticos.com.br/sun-fresh-fps30-neutrogena-protetor-solar/p
Bronzeador e Acelerador do Bronzeado,Bronzing Intensifier Dry Oil Australian Gold -  Spray Acelerador do Bronzeamento,http://www.epocacosmeticos.com.br/bronzing-intensifier-dry-oil-australian-gold-spray-acelerador-do-bronzeamento/p
Rejuvenescedores Faciais,Age Perfect Diurno SPF 15 Dermo Expertise L'oréal Paris - Rejuvenescedor Facial,http://www.epocacosmeticos.com.br/age-perfect-diurno-spf-15-dermo-expertise-l-oreal-paris-rejuvenescedor-facial/p
Rejuvenescedores Faciais,Creme Total Repair SPF 20 Revitalift L'oréal Paris - Rejuvenescedor Facial,http://www.epocacosmeticos.com.br/creme-total-repair-spf-20-revitalift-l-oreal-paris-rejuvenescedor-facial/p
Boca,Ultra Soft Trio Especial Edition CS5460b Cores Sortidas Curaprox - Escova Dental,http://www.epocacosmeticos.com.br/ultra-soft-trio-especial-edition-cs5460b-cores-sortidas-curaprox-escova-dental/p
Higiene Pessoal,Coletor Menstrual Tipo 2 Fleurity - Cuidados Femininos,http://www.epocacosmeticos.com.br/coletor-menstrual-tipo-2-fleurity-cuidados-femininos/p
Higiene Pessoal,Coletor Menstrual Tipo 1 Fleurity - Cuidados Femininos,http://www.epocacosmeticos.com.br/coletor-menstrual-tipo-1-fleurity-cuidados-femininos/p
Boca,Ultra Soft CS5460B Curaprox - Escova Dental,http://www.epocacosmeticos.com.br/ultra-soft-cs5460b-curaprox-escova-dental/p
Higiene Pessoal,Coletor Menstrual Tipo 3 Fleurity - Cuidados Femininos,http://www.epocacosmeticos.com.br/coletor-menstrual-tipo-3-fleurity-cuidados-femininos/p
Hidratante,Angel Body Lotion Mugler - Loção Corporal,http://www.epocacosmeticos.com.br/angel-body-lotion-thierry-mugler-locao-corporal/p
Ferramentas de Beleza,Deluxe Pelagie - Kit Acessórios de Limpeza de Pele,http://www.epocacosmeticos.com.br/deluxe-pelagie-kit-acessorios-de-limpeza-de-pele/p
Sabonete e Gel de Banho,Deep Clean Rapid Clear Neutrogena - Sabonete Facial,http://www.epocacosmeticos.com.br/deep-clean-rapid-clear-neutrogena-sabonete-facial/p
Sabonete e Gel de Banho,Deep Clean Grapefruit Neutrogena - Sabonete Facial,http://www.epocacosmeticos.com.br/deep-clean-grapefruit-neutrogena-sabonete-facial/p
Hidratante,Pure Secret Phyto Lotion Phytoderm - Hidratante Corporal,http://www.epocacosmeticos.com.br/pure-secret-phyto-lotion-phytoderm-hidratante-corporal/p
Desodorante,Sync For Men Puma - Desodorante Masculino,http://www.epocacosmeticos.com.br/sync-for-men-puma-desodorante-masculino/p
Sabonete e Gel de Banho,Leite de Coco Korres - Sabonete em Barra,http://www.epocacosmeticos.com.br/leite-de-coco-korres-sabonete-em-barra/p
Sabonete e Gel de Banho,Deep Clean Energizing Neutrogena - Sabonete Facial,http://www.epocacosmeticos.com.br/deep-clean-energizing-neutrogena-sabonete-facial/p
Kits Femininos,Vanilla Kiss Phyto Phytoderm - Perfume Deo Colônia Feminino 200ml + Hidratante Corporal 200ml,http://www.epocacosmeticos.com.br/vanilla-kiss-phyto-phytoderm-kit-de-perfume-deo-colonia-feminino-200ml-hidratante-corporal-200ml/p
Cuidados para o Barbear,Shampoo de Barba Cia Da Barba - Shampoo para Barba,http://www.epocacosmeticos.com.br/shampoo-de-barba-cia-da-barba-shampoo-para-barba/p
Cuidados Pós-Barba,Óleo De Barba Cia Da Barba - Óleo De Barba,http://www.epocacosmeticos.com.br/oleo-de-barba-cia-da-barba-oleo-de-barba/p
Hidratante,Sexy Girl Phyto Lotion Phytoderm - Hidratante Corporal,http://www.epocacosmeticos.com.br/sexy-girl-phyto-lotion-phytoderm-hidratante-corporal/p
Sabonete e Gel de Banho,Hypnotic Poison Silky Shower Gel Dior - Gel de Banho,http://www.epocacosmeticos.com.br/hypnotic-poison-silky-shower-gel-dior-gel-de-banho/p
Esfoliante,iCleanser Basall - Limpeza de Pele,http://www.epocacosmeticos.com.br/icleanser-basall-limpeza-de-pele/p
Massagem,Iphoton Basall - Aparelho Portátil de Fototerapia,http://www.epocacosmeticos.com.br/iphoton-basall-aparelho-portatil-de-fototerapia/p
Esmalte,Nail Enamel Revlon - Esmalte,http://www.epocacosmeticos.com.br/nail-enamel-revlon-esmalte/p
Esmalte,Gio Antonelli Achados da GIo Colorama - Esmalte,http://www.epocacosmeticos.com.br/gio-antonelli-achados-da-gio-colorama-esmalte/p
Esmalte,Esmalte Cremoso Vult - Esmalte,http://www.epocacosmeticos.com.br/esmalte-cremoso-vult-esmalte/p
Esmalte,Color Show Tons de Vermelho Maybelline - Esmalte,http://www.epocacosmeticos.com.br/color-show-tons-de-vermelho-maybelline-esmalte/p
Esmalte,Gio Antonelli Colorama - Esmalte,http://www.epocacosmeticos.com.br/gio-antonelli-colorama-esmalte/p
Esmalte,1 Seconde Gel Bourjois - Esmalte,http://www.epocacosmeticos.com.br/1-seconde-gel-bourjois-esmalte/p
Tratamentos para Unhas,Mavala Scientifique Durcisseur D´ongles Mavala - Endurecedor de Unhas,http://www.epocacosmeticos.com.br/mavala-scientifique-durcisseur-d-ongles-mavala-endurecedor-de-unhas/p
Esmalte,Esmalte Entre No Ritmo Vult - Esmalte,http://www.epocacosmeticos.com.br/esmalte-entre-no-ritmo-vult-esmalte/p
Esmalte,Esmalte Cremoso Qual O Seu Nude? Vult - Esmalte,http://www.epocacosmeticos.com.br/esmalte-cremoso-qual-o-seu-nude-vult-esmalte/p
Esmalte,Gio Antonelli Poder da Cor Colorama - Esmalte,http://www.epocacosmeticos.com.br/gio-antonelli-poder-da-cor-colorama-esmalte/p
Esmalte,Color Show Maybelline - Esmalte,http://www.epocacosmeticos.com.br/color-show-maybelline-esmalte/p
Tratamentos para Unhas,Mavala Stop Mavala - Tratamento para Unhas Roídas,http://www.epocacosmeticos.com.br/mavala-stop-mavala-tratamento-para-unhas-roidas/p
Esmalte,Esmalte Cremoso I Love Candy Vult - Esmalte,http://www.epocacosmeticos.com.br/esmalte-cremoso-i-love-candy-vult-esmalte/p
Unhas Postiças e Adesivos,Full-Cover Nail Stickers First Kiss - Adesivo de Unha,http://www.epocacosmeticos.com.br/full-cover-nail-stickers-first-kiss-adesivo-de-unha/p
Óleo Secante,Óleo Secante Melaleuca Impala - Esmalte de Tratamento,http://www.epocacosmeticos.com.br/oleo-secante-melaleuca-impala-esmalte-de-tratamento/p
Base para Unhas,Base Vitaminada Impala - Base para Unhas,http://www.epocacosmeticos.com.br/base-vitaminada-impala-base-para-unhas/p
Esmalte,La Laque Bourjois - Esmalte,http://www.epocacosmeticos.com.br/la-laque-bourjois-esmalte/p
Esmalte,Mavala Mini Color 5ml - Esmalte Cremoso,http://www.epocacosmeticos.com.br/mavala-mini-color-5ml-esmalte-cremoso/p
Unhas Postiças e Adesivos,Unhas Postiças Auto Colantes Bisou - Unhas Postiças,http://www.epocacosmeticos.com.br/unhas-posticas-auto-colantes-45-make-a-wish-bisou-unhas-posticas/p
Removedor de Esmaltes,Clean My Nails To Go Océane - Lenços Removedores de Esmaltes,http://www.epocacosmeticos.com.br/clean-my-nails-to-go-oceane-lencos-removedores-de-esmalte/p
